,ai_grading_results,evaluation_human_expert1,evaluation_human_expert2
ai_grading_results,1.0,0.4863555215506248,0.5695837956514553
evaluation_human_expert1,0.4863555215506248,1.0,0.5176021342260815
evaluation_human_expert2,0.5695837956514553,0.5176021342260815,1.0
