Comparison,F1 Score
AI vs Expert 1,0.8397976391231029
AI vs Expert 2,0.8365019011406845
Average,0.8381497701318936
Expert1 vs Expert2,0.8552412645590682
